{"polyfill":["/polyfill-83e8db7bb4fa522afc87.js"],"app":["/app-fee26b6d7a1097ea3f9e.js"],"component---src-pages-404-jsx":["/component---src-pages-404-jsx-1431448a3a3105d88c00.js"],"component---src-pages-cart-jsx":["/component---src-pages-cart-jsx-30d7fdd7f159cd44d86c.js"],"component---src-pages-index-jsx":["/component---src-pages-index-jsx-269acd7928841710194e.js"],"component---src-pages-products-index-jsx":["/component---src-pages-products-index-jsx-07c8a1eb181f9b1d29e2.js"],"component---src-pages-products-shopify-product-product-type-index-jsx":["/component---src-pages-products-shopify-product-product-type-index-jsx-a3821e0a739009f288eb.js"],"component---src-pages-products-shopify-product-product-type-shopify-product-handle-jsx":["/component---src-pages-products-shopify-product-product-type-shopify-product-handle-jsx-b02dcf24df4ce14dfe8c.js"],"component---src-pages-search-jsx":["/component---src-pages-search-jsx-cbb666f80b0547809252.js"]}