{"name":"build-javascript","namedChunkGroups":{"polyfill":{"name":"polyfill","assets":[{"name":"webpack-runtime-e78881bb00a1a220189e.js","size":5743},{"name":"polyfill-83e8db7bb4fa522afc87.js","size":85862}],"filteredAssets":0,"assetsSize":91605,"filteredAuxiliaryAssets":2,"auxiliaryAssetsSize":229394},"app":{"name":"app","assets":[{"name":"webpack-runtime-e78881bb00a1a220189e.js","size":5743},{"name":"styles.fbe17fd0143b81e1c5d0.css","size":35824},{"name":"framework-d600aeeb8480fa57abe3.js","size":129775},{"name":"11100001-8cc015782f9b50dc2317.js","size":151261},{"name":"app-fee26b6d7a1097ea3f9e.js","size":88347}],"filteredAssets":0,"assetsSize":410950,"filteredAuxiliaryAssets":4,"auxiliaryAssetsSize":1206764},"component---src-pages-404-jsx":{"name":"component---src-pages-404-jsx","assets":[{"name":"styles.fbe17fd0143b81e1c5d0.css","size":35824},{"name":"commons-69422784057e174c51d0.js","size":40332},{"name":"component---src-pages-404-jsx-1431448a3a3105d88c00.js","size":597}],"filteredAssets":0,"assetsSize":76753,"filteredAuxiliaryAssets":2,"auxiliaryAssetsSize":143134},"component---src-pages-cart-jsx":{"name":"component---src-pages-cart-jsx","assets":[{"name":"styles.fbe17fd0143b81e1c5d0.css","size":35824},{"name":"252f366e-c5f14acd56ba6b80e4f1.js","size":607},{"name":"commons-69422784057e174c51d0.js","size":40332},{"name":"component---src-pages-cart-jsx-30d7fdd7f159cd44d86c.js","size":11483}],"filteredAssets":0,"assetsSize":88246,"filteredAuxiliaryAssets":3,"auxiliaryAssetsSize":2608335},"component---src-pages-index-jsx":{"name":"component---src-pages-index-jsx","assets":[{"name":"styles.fbe17fd0143b81e1c5d0.css","size":35824},{"name":"commons-69422784057e174c51d0.js","size":40332},{"name":"component---src-pages-index-jsx-269acd7928841710194e.js","size":5262}],"filteredAssets":0,"assetsSize":81418,"filteredAuxiliaryAssets":2,"auxiliaryAssetsSize":153127},"component---src-pages-products-index-jsx":{"name":"component---src-pages-products-index-jsx","assets":[{"name":"styles.fbe17fd0143b81e1c5d0.css","size":35824},{"name":"commons-69422784057e174c51d0.js","size":40332},{"name":"component---src-pages-products-index-jsx-07c8a1eb181f9b1d29e2.js","size":4771}],"filteredAssets":0,"assetsSize":80927,"filteredAuxiliaryAssets":2,"auxiliaryAssetsSize":152674},"component---src-pages-products-shopify-product-product-type-index-jsx":{"name":"component---src-pages-products-shopify-product-product-type-index-jsx","assets":[{"name":"styles.fbe17fd0143b81e1c5d0.css","size":35824},{"name":"commons-69422784057e174c51d0.js","size":40332},{"name":"component---src-pages-products-shopify-product-product-type-index-jsx-a3821e0a739009f288eb.js","size":4851}],"filteredAssets":0,"assetsSize":81007,"filteredAuxiliaryAssets":2,"auxiliaryAssetsSize":153087},"component---src-pages-products-shopify-product-product-type-shopify-product-handle-jsx":{"name":"component---src-pages-products-shopify-product-product-type-shopify-product-handle-jsx","assets":[{"name":"styles.fbe17fd0143b81e1c5d0.css","size":35824},{"name":"252f366e-c5f14acd56ba6b80e4f1.js","size":607},{"name":"7f0c75c1-e9cc52a01a44d9d401c9.js","size":739},{"name":"commons-69422784057e174c51d0.js","size":40332},{"name":"component---src-pages-products-shopify-product-product-type-shopify-product-handle-jsx-b02dcf24df4ce14dfe8c.js","size":17161}],"filteredAssets":0,"assetsSize":94663,"filteredAuxiliaryAssets":4,"auxiliaryAssetsSize":3321384},"component---src-pages-search-jsx":{"name":"component---src-pages-search-jsx","assets":[{"name":"styles.fbe17fd0143b81e1c5d0.css","size":35824},{"name":"7f0c75c1-e9cc52a01a44d9d401c9.js","size":739},{"name":"commons-69422784057e174c51d0.js","size":40332},{"name":"component---src-pages-search-jsx-cbb666f80b0547809252.js","size":104854}],"filteredAssets":0,"assetsSize":181749,"filteredAuxiliaryAssets":3,"auxiliaryAssetsSize":1237030}},"assetsByChunkName":{"polyfill":["webpack-runtime-e78881bb00a1a220189e.js","polyfill-83e8db7bb4fa522afc87.js"],"app":["webpack-runtime-e78881bb00a1a220189e.js","styles.fbe17fd0143b81e1c5d0.css","framework-d600aeeb8480fa57abe3.js","11100001-8cc015782f9b50dc2317.js","app-fee26b6d7a1097ea3f9e.js"],"component---src-pages-404-jsx":["styles.fbe17fd0143b81e1c5d0.css","commons-69422784057e174c51d0.js","component---src-pages-404-jsx-1431448a3a3105d88c00.js"],"component---src-pages-cart-jsx":["styles.fbe17fd0143b81e1c5d0.css","252f366e-c5f14acd56ba6b80e4f1.js","commons-69422784057e174c51d0.js","component---src-pages-cart-jsx-30d7fdd7f159cd44d86c.js"],"component---src-pages-index-jsx":["styles.fbe17fd0143b81e1c5d0.css","commons-69422784057e174c51d0.js","component---src-pages-index-jsx-269acd7928841710194e.js"],"component---src-pages-products-index-jsx":["styles.fbe17fd0143b81e1c5d0.css","commons-69422784057e174c51d0.js","component---src-pages-products-index-jsx-07c8a1eb181f9b1d29e2.js"],"component---src-pages-products-shopify-product-product-type-index-jsx":["styles.fbe17fd0143b81e1c5d0.css","commons-69422784057e174c51d0.js","component---src-pages-products-shopify-product-product-type-index-jsx-a3821e0a739009f288eb.js"],"component---src-pages-products-shopify-product-product-type-shopify-product-handle-jsx":["styles.fbe17fd0143b81e1c5d0.css","252f366e-c5f14acd56ba6b80e4f1.js","7f0c75c1-e9cc52a01a44d9d401c9.js","commons-69422784057e174c51d0.js","component---src-pages-products-shopify-product-product-type-shopify-product-handle-jsx-b02dcf24df4ce14dfe8c.js"],"component---src-pages-search-jsx":["styles.fbe17fd0143b81e1c5d0.css","7f0c75c1-e9cc52a01a44d9d401c9.js","commons-69422784057e174c51d0.js","component---src-pages-search-jsx-cbb666f80b0547809252.js"]},"childAssetsByChunkName":{}}